{
    "Arsenal": {
        "Chelsea": 1.8697205265602599,
        "Liverpool": 1.7940299154394994,
        "Man City": 1.7431985961950753,
        "Man United": 1.8509962210042232,
        "Tottenham": 1.8742770161195808
    },
    "Chelsea": {
        "Arsenal": 1.6029960320860024,
        "Liverpool": 1.7379345538427458,
        "Man City": 1.5918542325154066,
        "Man United": 1.8815030001927844,
        "Tottenham": 1.89068506060921
    },
    "Liverpool": {
        "Arsenal": 1.8641613865160889,
        "Chelsea": 2.0075176658248863,
        "Man City": 1.8180831563636994,
        "Man United": 1.9647065692639638,
        "Tottenham": 2.007950364594276
    },
    "Man City": {
        "Arsenal": 2.0415537151395333,
        "Chelsea": 2.207844533823985,
        "Liverpool": 2.087478332369058,
        "Man United": 2.18220378181977,
        "Tottenham": 2.2023011693386216
    },
    "Man United": {
        "Arsenal": 1.4658721271433857,
        "Chelsea": 1.5909209959030162,
        "Liverpool": 1.5025360530278007,
        "Man City": 1.4289963281694624,
        "Tottenham": 1.622545824793038
    },
    "Tottenham": {
        "Arsenal": 1.7315234268074715,
        "Chelsea": 1.8779181355243446,
        "Liverpool": 1.7720477810508641,
        "Man City": 1.701442073796172,
        "Man United": 1.8569374587663583
    }
}