Team,Attack,Defense,HomeAdvantage
Arsenal,0.2113606513810474,-0.14034138677668834,1.3692934008650146
Chelsea,0.15767599261361376,-0.2991674890120039,1.3692934008650146
Liverpool,0.32964832989183435,-0.20158291208634294,1.3692934008650146
Man City,0.5248299840980886,-0.11852879318956369,1.3692934008650146
Man United,-0.06266078145457982,-0.29158516888048597,1.3692934008650146
Tottenham,0.20843922433501005,-0.3180876509199295,1.3692934008650146
