{
    "metrics": {
        "decision_tree": {
            "mse": 0.0911159781195839,
            "r2": 0.5311836066044869
        },
        "random_forest": {
            "mse": 0.06786665819508378,
            "r2": 0.650807656533441
        }
    },
    "feature_importances": {
        "Attack (t-3)": 0.08120469081746318,
        "Attack (t-2)": 0.3022643172270885,
        "Attack (t-1)": 0.28235900603944597,
        "Defense (t-3)": 0.02989690555703933,
        "Defense (t-2)": 0.04879828856604439,
        "Defense (t-1)": 0.11310853396612153,
        "HomeAdvantage (t-3)": 0.044057322755793514,
        "HomeAdvantage (t-2)": 0.03354791330412119,
        "HomeAdvantage (t-1)": 0.06476302176688246
    }
}