{
    "Arsenal": {
        "Chelsea": 1.8519006473923967,
        "Liverpool": 1.7948055626416948,
        "Man City": 1.6441239775899772,
        "Man United": 1.8670664692477865,
        "Tottenham": 1.8716654882824568
    },
    "Chelsea": {
        "Arsenal": 1.698723293835334,
        "Liverpool": 1.8627233936115013,
        "Man City": 1.6632673708148982,
        "Man United": 1.8953273419019332,
        "Tottenham": 1.9230524099974635
    },
    "Liverpool": {
        "Arsenal": 1.9510368639023365,
        "Chelsea": 1.9300542881498053,
        "Man City": 1.909867102817091,
        "Man United": 1.9150123320015473,
        "Tottenham": 1.938729758881754
    },
    "Man City": {
        "Arsenal": 2.2368260720104725,
        "Chelsea": 2.2286398643736463,
        "Liverpool": 2.2356748575886933,
        "Man United": 2.2130111115249003,
        "Tottenham": 2.2286398643736463
    },
    "Man United": {
        "Arsenal": 1.4766970718144483,
        "Chelsea": 1.7198201762255614,
        "Liverpool": 1.6345293800863467,
        "Man City": 1.4523705112149055,
        "Tottenham": 1.752816514934489
    },
    "Tottenham": {
        "Arsenal": 1.5783229035191007,
        "Chelsea": 1.7193671131881145,
        "Liverpool": 1.676665994967091,
        "Man City": 1.5661006978021697,
        "Man United": 1.7175107448979174
    }
}