Team,Attack,Defense,HomeAdvantage
Arsenal,0.1854376112176127,-0.17077828787217664,1.3788587294897363
Chelsea,0.20943070327102742,-0.277212083132426,1.3788587294897363
Liverpool,0.3245411106678111,-0.251157584524943,1.3788587294897363
Man City,0.5962822603318876,-0.11177190872650178,1.3788587294897363
Man United,0.006257583721762716,-0.26820664127148475,1.3788587294897363
Tottenham,0.056909460279634755,-0.2997322239622044,1.3788587294897363
