{
    "metrics": {
        "decision_tree": {
            "mse": 0.08623702176485369,
            "r2": 0.5552250992659027
        },
        "random_forest": {
            "mse": 0.06797768627466698,
            "r2": 0.6493992018023176
        }
    },
    "feature_importances": {
        "Attack (t-3)": 0.19353700543778662,
        "Attack (t-2)": 0.16960736443810986,
        "Attack (t-1)": 0.32556264864666346,
        "Defense (t-3)": 0.03158169871028209,
        "Defense (t-2)": 0.05711118021619077,
        "Defense (t-1)": 0.11246647452421148,
        "HomeAdvantage (t-3)": 0.04019813634443158,
        "HomeAdvantage (t-2)": 0.029748430021048686,
        "HomeAdvantage (t-1)": 0.040187061661275475
    }
}