{
    "beta1": 0.023764500379243898,
    "beta2": 0.2632150054052198,
    "beta3": 0.3611635535796924,
    "intercept": 0.5071358077330838
}