{
    "Arsenal": {
        "Chelsea": 1.8333110744271115,
        "Liverpool": 1.6287280274628815,
        "Man City": 1.4892628482149846,
        "Man United": 1.7126737727415013,
        "Tottenham": 1.9054076005329035
    },
    "Chelsea": {
        "Arsenal": 1.1456791744343162,
        "Liverpool": 1.2190962447293652,
        "Man City": 1.0796310654814683,
        "Man United": 1.3030419900079853,
        "Tottenham": 1.4957758177993872
    },
    "Liverpool": {
        "Arsenal": 1.4555919300917197,
        "Chelsea": 1.7335920473509994,
        "Man City": 1.3895438211388722,
        "Man United": 1.612954745665389,
        "Tottenham": 1.8056885734567911
    },
    "Man City": {
        "Arsenal": 1.6830800835291058,
        "Chelsea": 1.9610802007883852,
        "Liverpool": 1.7564971538241552,
        "Man United": 1.840442899102775,
        "Tottenham": 2.033176726894177
    },
    "Man United": {
        "Arsenal": 1.069368467769991,
        "Chelsea": 1.3473685850292707,
        "Liverpool": 1.1427855380650405,
        "Man City": 1.0033203588171435,
        "Tottenham": 1.4194651111350622
    },
    "Tottenham": {
        "Arsenal": 1.3389516593211943,
        "Chelsea": 1.616951776580474,
        "Liverpool": 1.4123687296162433,
        "Man City": 1.2729035503683468,
        "Man United": 1.4963144748948636
    }
}