Team,Attack,Defense,HomeAdvantage
Arsenal,0.934048145936671,-0.6212628112311611,0.31116477238304974
Chelsea,0.5244163632031551,-0.8992629284904414,0.31116477238304974
Liverpool,0.8343291188605582,-0.694679881526211,0.31116477238304974
Man City,1.0618172722979444,-0.5552147022783143,0.31116477238304974
Man United,0.4481056565388295,-0.7786256268048309,0.31116477238304974
Tottenham,0.717688848090033,-0.971359454596233,0.31116477238304974
