{
    "beta1": 0.024795749745735594,
    "beta2": 0.2640375877805603,
    "beta3": 0.3568950966555469,
    "intercept": 0.5110347130506583
}