{
    "Arsenal": {
        "Chelsea": 1.8306957344213521,
        "Liverpool": 1.6281174910159635,
        "Man City": 1.4889136109167225,
        "Man United": 1.710696929607088,
        "Tottenham": 1.903359020498805
    },
    "Chelsea": {
        "Arsenal": 1.1466668578872907,
        "Liverpool": 1.218824145304787,
        "Man City": 1.079620265205546,
        "Man United": 1.3014035838959113,
        "Tottenham": 1.4940656747876284
    },
    "Liverpool": {
        "Arsenal": 1.457170165435959,
        "Chelsea": 1.7319056962588442,
        "Man City": 1.3901235727542145,
        "Man United": 1.61190689144458,
        "Tottenham": 1.804568982336297
    },
    "Man City": {
        "Arsenal": 1.6840329022869005,
        "Chelsea": 1.9587684331097859,
        "Liverpool": 1.7561901897043972,
        "Man United": 1.8387696282955217,
        "Tottenham": 2.0314317191872386
    },
    "Man United": {
        "Arsenal": 1.0726253191151747,
        "Chelsea": 1.3473608499380596,
        "Liverpool": 1.144782606532671,
        "Man City": 1.00557872643343,
        "Tottenham": 1.4200241360155124
    },
    "Tottenham": {
        "Arsenal": 1.3405749659085766,
        "Chelsea": 1.6153104967314618,
        "Liverpool": 1.412732253326073,
        "Man City": 1.273528373226832,
        "Man United": 1.4953116919171976
    }
}