Team,Attack,Defense,HomeAdvantage
Arsenal,0.9330394831180688,-0.6229207204803973,0.3111645388759942
Chelsea,0.5237461374068928,-0.8976562513032825,0.3111645388759942
Liverpool,0.8342494449555609,-0.6950780078978938,0.3111645388759942
Man City,1.061112181806503,-0.555874127798653,0.3111645388759942
Man United,0.4497045986347762,-0.7776574464890184,0.3111645388759942
Tottenham,0.7176542454281785,-0.9703195373807354,0.3111645388759942
